<?xml version="1.0" encoding="UTF-8"?>
<DocSetNodes version="1.0">
    <TOC>
        <Node type="folder">
            <Name>DHFoundation</Name>
            <Path>index.html</Path>
			<Subnodes>
                
				
				<Node type="folder">
					<Name>Classes</Name>
					<Path>index.html</Path>
					<Subnodes>
						<NodeRef refid="1"/>
						<NodeRef refid="2"/>
						<NodeRef refid="3"/>
						<NodeRef refid="4"/>
						
					</Subnodes>
				</Node>
				
				
				<Node>
					<Name>Categories</Name>
					<Path>index.html</Path>
					<Subnodes>
						<NodeRef refid="5"/>
						<NodeRef refid="6"/>
						<NodeRef refid="7"/>
						<NodeRef refid="8"/>
						<NodeRef refid="9"/>
						<NodeRef refid="10"/>
						<NodeRef refid="11"/>
						<NodeRef refid="12"/>
						<NodeRef refid="13"/>
						
					</Subnodes>
				</Node>
				
                
                
				<Node>
					<Name>Constants</Name>
					<Path>index.html</Path>
					<Subnodes>
						<NodeRef refid="14"/>
						
					</Subnodes>
				</Node>
				
                
                <Node>
                    <Name>Blocks</Name>
                    <Path>index.html</Path>
                    <Subnodes>
                        <NodeRef refid="15"/>
                        <NodeRef refid="16"/>
                        
                    </Subnodes>
                </Node>
                
			</Subnodes>
        </Node>
    </TOC>
	<Library>
		
		<Node id="1" type="file" documentType="reference">
            <Name>DHConfiguration</Name>
            <Path>Classes/DHConfiguration.html</Path>
            
                <Subnodes>
                <Node type="section">
                    <Path>Classes/DHConfiguration.html</Path>
                    <Name>Overview</Name>
                    <Anchor>overview</Anchor>
                </Node>
                <Node type="section">
                    <Path>Classes/DHConfiguration.html</Path>
                    <Name>Tasks</Name>
                    <Anchor>tasks</Anchor>
                </Node>
                
                <Node type="section">
                    <Path>Classes/DHConfiguration.html</Path>
                    <Name>Properties</Name>
                    <Anchor>properties</Anchor>
                </Node>
                
                
                <Node type="section">
                    <Path>Classes/DHConfiguration.html</Path>
                    <Name>Class Methods</Name>
                    <Anchor>class_methods</Anchor>
                </Node>
                
                
                <Node type="section">
                    <Path>Classes/DHConfiguration.html</Path>
                    <Name>Instance Methods</Name>
                    <Anchor>instance_methods</Anchor>
                </Node>
                
            </Subnodes>
            
        </Node>
		<Node id="2" type="file" documentType="reference">
            <Name>DHNotificationStore</Name>
            <Path>Classes/DHNotificationStore.html</Path>
            
                <Subnodes>
                <Node type="section">
                    <Path>Classes/DHNotificationStore.html</Path>
                    <Name>Overview</Name>
                    <Anchor>overview</Anchor>
                </Node>
                <Node type="section">
                    <Path>Classes/DHNotificationStore.html</Path>
                    <Name>Tasks</Name>
                    <Anchor>tasks</Anchor>
                </Node>
                
                
                
                <Node type="section">
                    <Path>Classes/DHNotificationStore.html</Path>
                    <Name>Instance Methods</Name>
                    <Anchor>instance_methods</Anchor>
                </Node>
                
            </Subnodes>
            
        </Node>
		<Node id="3" type="file" documentType="reference">
            <Name>DHReachability</Name>
            <Path>Classes/DHReachability.html</Path>
            
                <Subnodes>
                <Node type="section">
                    <Path>Classes/DHReachability.html</Path>
                    <Name>Overview</Name>
                    <Anchor>overview</Anchor>
                </Node>
                <Node type="section">
                    <Path>Classes/DHReachability.html</Path>
                    <Name>Tasks</Name>
                    <Anchor>tasks</Anchor>
                </Node>
                
                <Node type="section">
                    <Path>Classes/DHReachability.html</Path>
                    <Name>Properties</Name>
                    <Anchor>properties</Anchor>
                </Node>
                
                
                <Node type="section">
                    <Path>Classes/DHReachability.html</Path>
                    <Name>Class Methods</Name>
                    <Anchor>class_methods</Anchor>
                </Node>
                
                
                <Node type="section">
                    <Path>Classes/DHReachability.html</Path>
                    <Name>Instance Methods</Name>
                    <Anchor>instance_methods</Anchor>
                </Node>
                
            </Subnodes>
            
        </Node>
		<Node id="4" type="file" documentType="reference">
            <Name>DHReachabilityEventHandler</Name>
            <Path>Classes/DHReachabilityEventHandler.html</Path>
            
                <Subnodes>
                <Node type="section">
                    <Path>Classes/DHReachabilityEventHandler.html</Path>
                    <Name>Overview</Name>
                    <Anchor>overview</Anchor>
                </Node>
                <Node type="section">
                    <Path>Classes/DHReachabilityEventHandler.html</Path>
                    <Name>Tasks</Name>
                    <Anchor>tasks</Anchor>
                </Node>
                
                <Node type="section">
                    <Path>Classes/DHReachabilityEventHandler.html</Path>
                    <Name>Properties</Name>
                    <Anchor>properties</Anchor>
                </Node>
                
                
                
            </Subnodes>
            
        </Node>
		
		<Node id="5" type="file" documentType="reference">
            <Name>NSCache(Subscripting)</Name>
            <Path>Categories/NSCache+Subscripting.html</Path>
            
                <Subnodes>
                <Node type="section">
                    <Path>Categories/NSCache+Subscripting.html</Path>
                    <Name>Overview</Name>
                    <Anchor>overview</Anchor>
                </Node>
                <Node type="section">
                    <Path>Categories/NSCache+Subscripting.html</Path>
                    <Name>Tasks</Name>
                    <Anchor>tasks</Anchor>
                </Node>
                
                
                
                <Node type="section">
                    <Path>Categories/NSCache+Subscripting.html</Path>
                    <Name>Instance Methods</Name>
                    <Anchor>instance_methods</Anchor>
                </Node>
                
            </Subnodes>
            
        </Node>
		<Node id="6" type="file" documentType="reference">
            <Name>NSData(JSONDeserialise)</Name>
            <Path>Categories/NSData+JSONDeserialise.html</Path>
            
                <Subnodes>
                <Node type="section">
                    <Path>Categories/NSData+JSONDeserialise.html</Path>
                    <Name>Overview</Name>
                    <Anchor>overview</Anchor>
                </Node>
                <Node type="section">
                    <Path>Categories/NSData+JSONDeserialise.html</Path>
                    <Name>Tasks</Name>
                    <Anchor>tasks</Anchor>
                </Node>
                
                
                
                <Node type="section">
                    <Path>Categories/NSData+JSONDeserialise.html</Path>
                    <Name>Instance Methods</Name>
                    <Anchor>instance_methods</Anchor>
                </Node>
                
            </Subnodes>
            
        </Node>
		<Node id="7" type="file" documentType="reference">
            <Name>NSDate(Rails)</Name>
            <Path>Categories/NSDate+Rails.html</Path>
            
                <Subnodes>
                <Node type="section">
                    <Path>Categories/NSDate+Rails.html</Path>
                    <Name>Overview</Name>
                    <Anchor>overview</Anchor>
                </Node>
                <Node type="section">
                    <Path>Categories/NSDate+Rails.html</Path>
                    <Name>Tasks</Name>
                    <Anchor>tasks</Anchor>
                </Node>
                
                
                <Node type="section">
                    <Path>Categories/NSDate+Rails.html</Path>
                    <Name>Class Methods</Name>
                    <Anchor>class_methods</Anchor>
                </Node>
                
                
                <Node type="section">
                    <Path>Categories/NSDate+Rails.html</Path>
                    <Name>Instance Methods</Name>
                    <Anchor>instance_methods</Anchor>
                </Node>
                
            </Subnodes>
            
        </Node>
		<Node id="8" type="file" documentType="reference">
            <Name>NSDateFormatter(Formatters)</Name>
            <Path>Categories/NSDateFormatter+Formatters.html</Path>
            
                <Subnodes>
                <Node type="section">
                    <Path>Categories/NSDateFormatter+Formatters.html</Path>
                    <Name>Overview</Name>
                    <Anchor>overview</Anchor>
                </Node>
                <Node type="section">
                    <Path>Categories/NSDateFormatter+Formatters.html</Path>
                    <Name>Tasks</Name>
                    <Anchor>tasks</Anchor>
                </Node>
                
                
                <Node type="section">
                    <Path>Categories/NSDateFormatter+Formatters.html</Path>
                    <Name>Class Methods</Name>
                    <Anchor>class_methods</Anchor>
                </Node>
                
                
            </Subnodes>
            
        </Node>
		<Node id="9" type="file" documentType="reference">
            <Name>NSObject(Cast)</Name>
            <Path>Categories/NSObject+Cast.html</Path>
            
                <Subnodes>
                <Node type="section">
                    <Path>Categories/NSObject+Cast.html</Path>
                    <Name>Overview</Name>
                    <Anchor>overview</Anchor>
                </Node>
                <Node type="section">
                    <Path>Categories/NSObject+Cast.html</Path>
                    <Name>Tasks</Name>
                    <Anchor>tasks</Anchor>
                </Node>
                
                
                <Node type="section">
                    <Path>Categories/NSObject+Cast.html</Path>
                    <Name>Class Methods</Name>
                    <Anchor>class_methods</Anchor>
                </Node>
                
                
            </Subnodes>
            
        </Node>
		<Node id="10" type="file" documentType="reference">
            <Name>NSObject(JSONSerialise)</Name>
            <Path>Categories/NSObject+JSONSerialise.html</Path>
            
                <Subnodes>
                <Node type="section">
                    <Path>Categories/NSObject+JSONSerialise.html</Path>
                    <Name>Overview</Name>
                    <Anchor>overview</Anchor>
                </Node>
                <Node type="section">
                    <Path>Categories/NSObject+JSONSerialise.html</Path>
                    <Name>Tasks</Name>
                    <Anchor>tasks</Anchor>
                </Node>
                
                
                
                <Node type="section">
                    <Path>Categories/NSObject+JSONSerialise.html</Path>
                    <Name>Instance Methods</Name>
                    <Anchor>instance_methods</Anchor>
                </Node>
                
            </Subnodes>
            
        </Node>
		<Node id="11" type="file" documentType="reference">
            <Name>NSObject(Notifications)</Name>
            <Path>Categories/NSObject+Notifications.html</Path>
            
                <Subnodes>
                <Node type="section">
                    <Path>Categories/NSObject+Notifications.html</Path>
                    <Name>Overview</Name>
                    <Anchor>overview</Anchor>
                </Node>
                <Node type="section">
                    <Path>Categories/NSObject+Notifications.html</Path>
                    <Name>Tasks</Name>
                    <Anchor>tasks</Anchor>
                </Node>
                
                <Node type="section">
                    <Path>Categories/NSObject+Notifications.html</Path>
                    <Name>Properties</Name>
                    <Anchor>properties</Anchor>
                </Node>
                
                
                
            </Subnodes>
            
        </Node>
		<Node id="12" type="file" documentType="reference">
            <Name>NSObject(Reachability)</Name>
            <Path>Categories/NSObject+Reachability.html</Path>
            
                <Subnodes>
                <Node type="section">
                    <Path>Categories/NSObject+Reachability.html</Path>
                    <Name>Overview</Name>
                    <Anchor>overview</Anchor>
                </Node>
                <Node type="section">
                    <Path>Categories/NSObject+Reachability.html</Path>
                    <Name>Tasks</Name>
                    <Anchor>tasks</Anchor>
                </Node>
                
                <Node type="section">
                    <Path>Categories/NSObject+Reachability.html</Path>
                    <Name>Properties</Name>
                    <Anchor>properties</Anchor>
                </Node>
                
                
                
            </Subnodes>
            
        </Node>
		<Node id="13" type="file" documentType="reference">
            <Name>NSString(JSONDeserialise)</Name>
            <Path>Categories/NSString+JSONDeserialise.html</Path>
            
                <Subnodes>
                <Node type="section">
                    <Path>Categories/NSString+JSONDeserialise.html</Path>
                    <Name>Overview</Name>
                    <Anchor>overview</Anchor>
                </Node>
                <Node type="section">
                    <Path>Categories/NSString+JSONDeserialise.html</Path>
                    <Name>Tasks</Name>
                    <Anchor>tasks</Anchor>
                </Node>
                
                
                
                <Node type="section">
                    <Path>Categories/NSString+JSONDeserialise.html</Path>
                    <Name>Instance Methods</Name>
                    <Anchor>instance_methods</Anchor>
                </Node>
                
            </Subnodes>
            
        </Node>
		
        
        <Node id="14" type="file" documentType="reference">
            <Name>DHReachabilityStatus</Name>
            <Path>Constants/DHReachabilityStatus.html</Path>
            
        </Node>
		
        <Node id="15" type="file" documentType="reference">
            <Name>DHNotificationStoreBlock</Name>
            <Path>Blocks/DHNotificationStoreBlock.html</Path>
            
        </Node>
        <Node id="16" type="file" documentType="reference">
            <Name>DHReachabilityChanged</Name>
            <Path>Blocks/DHReachabilityChanged.html</Path>
            
        </Node>
        
	</Library>
</DocSetNodes>