<?xml version="1.0" encoding="UTF-8"?>
<Tokens version="1.0">
	<File path="Categories/NSData+JSONDeserialise.html">
		
		<Token>
			<TokenIdentifier>//apple_ref/occ/cat/NSData(JSONDeserialise)</TokenIdentifier>
			<Abstract type="html">Convenience category on NSData to wrap Apple&apos;s
NSJSONSerialization objects</Abstract>
			<DeclaredIn>NSData+JSONDeserialise.h</DeclaredIn>
            
			
			<NodeRef refid="6"/>
		</Token>
		
		
		<Token>
			<TokenIdentifier>//apple_ref/occ/instm/NSData/objectFromJSONData</TokenIdentifier>
			<Abstract type="html">Attempt to deserialise an object from this
NSData object</Abstract>
			<DeclaredIn>NSData+JSONDeserialise.h</DeclaredIn>
			
			<Declaration>- (id)objectFromJSONData</Declaration>
			
			
			<Anchor>//api/name/objectFromJSONData</Anchor>
            <NodeRef refid="6"/>
		</Token>
		
		<Token>
			<TokenIdentifier>//apple_ref/occ/instm/NSData/mutableObjectFromJSONData</TokenIdentifier>
			<Abstract type="html">Attempt to deserialise a mutable object from this
NSData object</Abstract>
			<DeclaredIn>NSData+JSONDeserialise.h</DeclaredIn>
			
			<Declaration>- (id)mutableObjectFromJSONData</Declaration>
			
			
			<Anchor>//api/name/mutableObjectFromJSONData</Anchor>
            <NodeRef refid="6"/>
		</Token>
		
        
        
	</File>
</Tokens>