<?xml version="1.0" encoding="UTF-8"?>
<Tokens version="1.0">
	<File path="Classes/DHReachabilityEventHandler.html">
		
		<Token>
			<TokenIdentifier>//apple_ref/occ/cl/DHReachabilityEventHandler</TokenIdentifier>
			<Abstract type="html">Object used to be alerted for reachability status changes</Abstract>
			<DeclaredIn>DHReachabilityEventHandler.h</DeclaredIn>
            
			
			<NodeRef refid="4"/>
		</Token>
		
		
		<Token>
			<TokenIdentifier>//apple_ref/occ/instm/DHReachabilityEventHandler/setChanged:</TokenIdentifier>
			<Abstract type="html">Block callback for reachability changed notifications</Abstract>
			<DeclaredIn>DHReachabilityEventHandler.h</DeclaredIn>
			
			<Declaration>@property (nonatomic, copy) DHReachabilityChanged changed</Declaration>
			
			
			<Anchor>//api/name/changed</Anchor>
            <NodeRef refid="4"/>
		</Token>
		
		<Token>
			<TokenIdentifier>//apple_ref/occ/instm/DHReachabilityEventHandler/changed</TokenIdentifier>
			<Abstract type="html">Block callback for reachability changed notifications</Abstract>
			<DeclaredIn>DHReachabilityEventHandler.h</DeclaredIn>
			
			<Declaration>@property (nonatomic, copy) DHReachabilityChanged changed</Declaration>
			
			
			<Anchor>//api/name/changed</Anchor>
            <NodeRef refid="4"/>
		</Token>
		
		<Token>
			<TokenIdentifier>//apple_ref/occ/instp/DHReachabilityEventHandler/changed</TokenIdentifier>
			<Abstract type="html">Block callback for reachability changed notifications</Abstract>
			<DeclaredIn>DHReachabilityEventHandler.h</DeclaredIn>
			
			<Declaration>@property (nonatomic, copy) DHReachabilityChanged changed</Declaration>
			
			
			<Anchor>//api/name/changed</Anchor>
            <NodeRef refid="4"/>
		</Token>
		
		<Token>
			<TokenIdentifier>//apple_ref/occ/instm/DHReachabilityEventHandler/setReachability:</TokenIdentifier>
			<Abstract type="html">The reachability object being used</Abstract>
			<DeclaredIn>DHReachabilityEventHandler.h</DeclaredIn>
			
			<Declaration>@property (nonatomic, readonly, strong) DHReachability *reachability</Declaration>
			
			
			<Anchor>//api/name/reachability</Anchor>
            <NodeRef refid="4"/>
		</Token>
		
		<Token>
			<TokenIdentifier>//apple_ref/occ/instm/DHReachabilityEventHandler/reachability</TokenIdentifier>
			<Abstract type="html">The reachability object being used</Abstract>
			<DeclaredIn>DHReachabilityEventHandler.h</DeclaredIn>
			
			<Declaration>@property (nonatomic, readonly, strong) DHReachability *reachability</Declaration>
			
			
			<Anchor>//api/name/reachability</Anchor>
            <NodeRef refid="4"/>
		</Token>
		
		<Token>
			<TokenIdentifier>//apple_ref/occ/instp/DHReachabilityEventHandler/reachability</TokenIdentifier>
			<Abstract type="html">The reachability object being used</Abstract>
			<DeclaredIn>DHReachabilityEventHandler.h</DeclaredIn>
			
			<Declaration>@property (nonatomic, readonly, strong) DHReachability *reachability</Declaration>
			
			
			<Anchor>//api/name/reachability</Anchor>
            <NodeRef refid="4"/>
		</Token>
		
        
        
	</File>
</Tokens>