<?xml version="1.0" encoding="UTF-8"?>
<Tokens version="1.0">
	<File path="Classes/DHConfiguration.html">
		
		<Token>
			<TokenIdentifier>//apple_ref/occ/cl/DHConfiguration</TokenIdentifier>
			<Abstract type="html">Base class for retrieving properties from a config file.
Supports properties of types supported by plist (NSNumber, NSString, NSDictionary, NSArray),
as well as conversions to BOOL, NSInteger and float. For other conversions,
use the extension functionality documented below.</Abstract>
			<DeclaredIn>DHConfiguration.h</DeclaredIn>
            
			
			<NodeRef refid="1"/>
		</Token>
		
		
		<Token>
			<TokenIdentifier>//apple_ref/occ/clm/DHConfiguration/sharedConfiguration</TokenIdentifier>
			<Abstract type="html">Shared instance of the configuration</Abstract>
			<DeclaredIn>DHConfiguration.h</DeclaredIn>
			
			<Declaration>+ (instancetype)sharedConfiguration</Declaration>
			
			
			<Anchor>//api/name/sharedConfiguration</Anchor>
            <NodeRef refid="1"/>
		</Token>
		
		<Token>
			<TokenIdentifier>//apple_ref/occ/instm/DHConfiguration/setConfigFileName:</TokenIdentifier>
			<Abstract type="html">Name of the config file to use as a data source.
Defaults to &quot;Config&quot;. Override getter in subclass.</Abstract>
			<DeclaredIn>DHConfiguration.h</DeclaredIn>
			
			<Declaration>@property (nonatomic, readonly) NSString *configFileName</Declaration>
			
			
			<Anchor>//api/name/configFileName</Anchor>
            <NodeRef refid="1"/>
		</Token>
		
		<Token>
			<TokenIdentifier>//apple_ref/occ/instm/DHConfiguration/configFileName</TokenIdentifier>
			<Abstract type="html">Name of the config file to use as a data source.
Defaults to &quot;Config&quot;. Override getter in subclass.</Abstract>
			<DeclaredIn>DHConfiguration.h</DeclaredIn>
			
			<Declaration>@property (nonatomic, readonly) NSString *configFileName</Declaration>
			
			
			<Anchor>//api/name/configFileName</Anchor>
            <NodeRef refid="1"/>
		</Token>
		
		<Token>
			<TokenIdentifier>//apple_ref/occ/instp/DHConfiguration/configFileName</TokenIdentifier>
			<Abstract type="html">Name of the config file to use as a data source.
Defaults to &quot;Config&quot;. Override getter in subclass.</Abstract>
			<DeclaredIn>DHConfiguration.h</DeclaredIn>
			
			<Declaration>@property (nonatomic, readonly) NSString *configFileName</Declaration>
			
			
			<Anchor>//api/name/configFileName</Anchor>
            <NodeRef refid="1"/>
		</Token>
		
		<Token>
			<TokenIdentifier>//apple_ref/occ/instm/DHConfiguration/setPropertyPrefix:</TokenIdentifier>
			<Abstract type="html">Optional prefix for properties in the config file.
This class will check for the property name first,
and if not found will capitalise the first letter of
the property and add this prefix and try again.</Abstract>
			<DeclaredIn>DHConfiguration.h</DeclaredIn>
			
			<Declaration>@property (nonatomic, copy) NSString *propertyPrefix</Declaration>
			
			
			<Anchor>//api/name/propertyPrefix</Anchor>
            <NodeRef refid="1"/>
		</Token>
		
		<Token>
			<TokenIdentifier>//apple_ref/occ/instm/DHConfiguration/propertyPrefix</TokenIdentifier>
			<Abstract type="html">Optional prefix for properties in the config file.
This class will check for the property name first,
and if not found will capitalise the first letter of
the property and add this prefix and try again.</Abstract>
			<DeclaredIn>DHConfiguration.h</DeclaredIn>
			
			<Declaration>@property (nonatomic, copy) NSString *propertyPrefix</Declaration>
			
			
			<Anchor>//api/name/propertyPrefix</Anchor>
            <NodeRef refid="1"/>
		</Token>
		
		<Token>
			<TokenIdentifier>//apple_ref/occ/instp/DHConfiguration/propertyPrefix</TokenIdentifier>
			<Abstract type="html">Optional prefix for properties in the config file.
This class will check for the property name first,
and if not found will capitalise the first letter of
the property and add this prefix and try again.</Abstract>
			<DeclaredIn>DHConfiguration.h</DeclaredIn>
			
			<Declaration>@property (nonatomic, copy) NSString *propertyPrefix</Declaration>
			
			
			<Anchor>//api/name/propertyPrefix</Anchor>
            <NodeRef refid="1"/>
		</Token>
		
		<Token>
			<TokenIdentifier>//apple_ref/occ/instm/DHConfiguration/reloadConfig</TokenIdentifier>
			<Abstract type="html">Clears the config dictionary for reloading</Abstract>
			<DeclaredIn>DHConfiguration.h</DeclaredIn>
			
			<Declaration>- (void)reloadConfig</Declaration>
			
			
			<Anchor>//api/name/reloadConfig</Anchor>
            <NodeRef refid="1"/>
		</Token>
		
		<Token>
			<TokenIdentifier>//apple_ref/occ/instm/DHConfiguration/loadDictionary</TokenIdentifier>
			<Abstract type="html">Override if the dictionary to be used for the config isn&apos;t just
a plist dictionary</Abstract>
			<DeclaredIn>DHConfiguration.h</DeclaredIn>
			
			<Declaration>- (NSDictionary *)loadDictionary</Declaration>
			
			<ReturnValue><Abstract type="html">Loaded dictionary</Abstract></ReturnValue>
			<Anchor>//api/name/loadDictionary</Anchor>
            <NodeRef refid="1"/>
		</Token>
		
		<Token>
			<TokenIdentifier>//apple_ref/occ/clm/DHConfiguration/canResolveInstanceMethod:forType:</TokenIdentifier>
			<Abstract type="html">For subclasses, override this method and check the type to see if
it&apos;s a type that can be supported. In this method, if the type is
supported, use class_addMethod to add the instance method.</Abstract>
			<DeclaredIn>DHConfiguration.h</DeclaredIn>
			
			<Declaration>+ (BOOL)canResolveInstanceMethod:(SEL)sel forType:(const char *)type</Declaration>
			<Parameters>
				<Parameter>
					<Name>sel</Name>
					<Abstract type="html">The selector being resolved</Abstract>
				</Parameter><Parameter>
					<Name>type</Name>
					<Abstract type="html">The type of the discovered property</Abstract>
				</Parameter>
			</Parameters>
			<ReturnValue><Abstract type="html">YES if the method was resolved and added, NO if not supported</Abstract></ReturnValue>
			<Anchor>//api/name/canResolveInstanceMethod:forType:</Anchor>
            <NodeRef refid="1"/>
		</Token>
		
        
        
	</File>
</Tokens>