<?xml version="1.0" encoding="UTF-8"?>
<Tokens version="1.0">
	<File path="Categories/NSDateFormatter+Formatters.html">
		
		<Token>
			<TokenIdentifier>//apple_ref/occ/cat/NSDateFormatter(Formatters)</TokenIdentifier>
			<Abstract type="html">Useful custom date formatters</Abstract>
			<DeclaredIn>NSDateFormatter+Formatters.h</DeclaredIn>
            
			
			<NodeRef refid="8"/>
		</Token>
		
		
		<Token>
			<TokenIdentifier>//apple_ref/occ/instm/NSDateFormatter/dateFormatterForFormat:</TokenIdentifier>
			<Abstract type="html">Creates a date formatter with the specified format and adds to cache
for use in future.
Locale is set to enUSPOSIX by default. Manually change if required.</Abstract>
			<DeclaredIn>NSDateFormatter+Formatters.h</DeclaredIn>
			
			<Declaration>+ (NSDateFormatter *)dateFormatterForFormat:(NSString *)format</Declaration>
			<Parameters>
				<Parameter>
					<Name>format</Name>
					<Abstract type="html">The date format to use</Abstract>
				</Parameter>
			</Parameters>
			
			<Anchor>//api/name/dateFormatterForFormat:</Anchor>
            <NodeRef refid="8"/>
		</Token>
		
		<Token>
			<TokenIdentifier>//apple_ref/occ/instm/NSDateFormatter/dateFormatterForFormat:cache:</TokenIdentifier>
			<Abstract type="html">Creates a date formatter with the specified format
Locale is set to enUSPOSIX by default. Manually change if required</Abstract>
			<DeclaredIn>NSDateFormatter+Formatters.h</DeclaredIn>
			
			<Declaration>+ (NSDateFormatter *)dateFormatterForFormat:(NSString *)format cache:(BOOL)shouldCache</Declaration>
			<Parameters>
				<Parameter>
					<Name>format</Name>
					<Abstract type="html">The date format to use</Abstract>
				</Parameter><Parameter>
					<Name>shouldCache</Name>
					<Abstract type="html">Should we cache the formatter for later use?</Abstract>
				</Parameter>
			</Parameters>
			
			<Anchor>//api/name/dateFormatterForFormat:cache:</Anchor>
            <NodeRef refid="8"/>
		</Token>
		
		<Token>
			<TokenIdentifier>//apple_ref/occ/instm/NSDateFormatter/dateFormatterForFormat:locale:cache:</TokenIdentifier>
			<Abstract type="html">Creates a date formatter with the specified format</Abstract>
			<DeclaredIn>NSDateFormatter+Formatters.h</DeclaredIn>
			
			<Declaration>+ (NSDateFormatter *)dateFormatterForFormat:(NSString *)format locale:(NSLocale *)locale cache:(BOOL)shouldCache</Declaration>
			<Parameters>
				<Parameter>
					<Name>format</Name>
					<Abstract type="html">The date format to use</Abstract>
				</Parameter><Parameter>
					<Name>locale</Name>
					<Abstract type="html">The locale to use</Abstract>
				</Parameter><Parameter>
					<Name>shouldCache</Name>
					<Abstract type="html">Should we cache the formatter for later use?</Abstract>
				</Parameter>
			</Parameters>
			
			<Anchor>//api/name/dateFormatterForFormat:locale:cache:</Anchor>
            <NodeRef refid="8"/>
		</Token>
		
        
        
	</File>
</Tokens>