<?xml version="1.0" encoding="UTF-8"?>
<Tokens version="1.0">
	<File path="Categories/NSString+JSONDeserialise.html">
		
		<Token>
			<TokenIdentifier>//apple_ref/occ/cat/NSString(JSONDeserialise)</TokenIdentifier>
			<Abstract type="html">Convenience category on NSString to wrap Apple&apos;s
NSJSONSerialization objects</Abstract>
			<DeclaredIn>NSData+JSONDeserialise.h</DeclaredIn>
            
			
			<NodeRef refid="13"/>
		</Token>
		
		
		<Token>
			<TokenIdentifier>//apple_ref/occ/instm/NSString/objectFromJSONString</TokenIdentifier>
			<Abstract type="html">Attempt to deserialise an object from this
NSString</Abstract>
			<DeclaredIn>NSData+JSONDeserialise.h</DeclaredIn>
			
			<Declaration>- (id)objectFromJSONString</Declaration>
			
			
			<Anchor>//api/name/objectFromJSONString</Anchor>
            <NodeRef refid="13"/>
		</Token>
		
        
        
	</File>
</Tokens>