<?xml version="1.0" encoding="UTF-8"?>
<Tokens version="1.0">
	<File path="Categories/NSDate+Rails.html">
		
		<Token>
			<TokenIdentifier>//apple_ref/occ/cat/NSDate(Rails)</TokenIdentifier>
			<Abstract type="html">Category which adds various date utility functions; heavily inspired by Rails.</Abstract>
			<DeclaredIn>NSDate+Rails.h</DeclaredIn>
            
			
			<NodeRef refid="7"/>
		</Token>
		
		
		<Token>
			<TokenIdentifier>//apple_ref/occ/instm/NSDate/gregorianCalendarComponents</TokenIdentifier>
			<Abstract type="html">Internal method used to split out date components. Useful for date comparison.</Abstract>
			<DeclaredIn>NSDate+Rails.h</DeclaredIn>
			
			<Declaration>- (NSDateComponents *)gregorianCalendarComponents</Declaration>
			
			
			<Anchor>//api/name/gregorianCalendarComponents</Anchor>
            <NodeRef refid="7"/>
		</Token>
		
		<Token>
			<TokenIdentifier>//apple_ref/occ/instm/NSDate/isAfter:</TokenIdentifier>
			<Abstract type="html">Returns YES if this date is after the specified date, otherwise NO.</Abstract>
			<DeclaredIn>NSDate+Rails.h</DeclaredIn>
			
			<Declaration>- (BOOL)isAfter:(NSDate *)other</Declaration>
			<Parameters>
				<Parameter>
					<Name>other</Name>
					<Abstract type="html">The other date to compare</Abstract>
				</Parameter>
			</Parameters>
			
			<Anchor>//api/name/isAfter:</Anchor>
            <NodeRef refid="7"/>
		</Token>
		
		<Token>
			<TokenIdentifier>//apple_ref/occ/instm/NSDate/isBefore:</TokenIdentifier>
			<Abstract type="html">Returns YES If this date is before the specified date, otherwise NO.</Abstract>
			<DeclaredIn>NSDate+Rails.h</DeclaredIn>
			
			<Declaration>- (BOOL)isBefore:(NSDate *)other</Declaration>
			<Parameters>
				<Parameter>
					<Name>other</Name>
					<Abstract type="html">The other date to compare</Abstract>
				</Parameter>
			</Parameters>
			
			<Anchor>//api/name/isBefore:</Anchor>
            <NodeRef refid="7"/>
		</Token>
		
		<Token>
			<TokenIdentifier>//apple_ref/occ/instm/NSDate/isInLastHour</TokenIdentifier>
			<Abstract type="html">Returns YES if this date represents a date that is less than 1 hour old, otherwise NO. The current time is treated as
whatever is returned by [NSDate date].</Abstract>
			<DeclaredIn>NSDate+Rails.h</DeclaredIn>
			
			<Declaration>- (BOOL)isInLastHour</Declaration>
			
			
			<Anchor>//api/name/isInLastHour</Anchor>
            <NodeRef refid="7"/>
		</Token>
		
		<Token>
			<TokenIdentifier>//apple_ref/occ/instm/NSDate/isToday</TokenIdentifier>
			<Abstract type="html">Returns YES if this date represents a date that is today, otherwise NO. Today will be treated as whatever is returned
by [NSDate date].</Abstract>
			<DeclaredIn>NSDate+Rails.h</DeclaredIn>
			
			<Declaration>- (BOOL)isToday</Declaration>
			
			
			<Anchor>//api/name/isToday</Anchor>
            <NodeRef refid="7"/>
		</Token>
		
		<Token>
			<TokenIdentifier>//apple_ref/occ/instm/NSDate/minutesAgo</TokenIdentifier>
			<Abstract type="html">Returns the positive number of minutes ago that this NSDate represents. If this NSDate is in the future, then
the result will be negative.</Abstract>
			<DeclaredIn>NSDate+Rails.h</DeclaredIn>
			
			<Declaration>- (NSInteger)minutesAgo</Declaration>
			
			
			<Anchor>//api/name/minutesAgo</Anchor>
            <NodeRef refid="7"/>
		</Token>
		
		<Token>
			<TokenIdentifier>//apple_ref/occ/instm/NSDate/dateFromString:withFormatter:</TokenIdentifier>
			<Abstract type="html">Takes an input string and returns a date</Abstract>
			<DeclaredIn>NSDate+Rails.h</DeclaredIn>
			
			<Declaration>+ (NSDate *)dateFromString:(NSString *)input withFormatter:(NSDateFormatter *)formatter</Declaration>
			<Parameters>
				<Parameter>
					<Name>input</Name>
					<Abstract type="html">String to parse</Abstract>
				</Parameter><Parameter>
					<Name>formatter</Name>
					<Abstract type="html">Formatter to use</Abstract>
				</Parameter>
			</Parameters>
			
			<Anchor>//api/name/dateFromString:withFormatter:</Anchor>
            <NodeRef refid="7"/>
		</Token>
		
        
        
	</File>
</Tokens>