<?xml version="1.0" encoding="UTF-8"?>
<Tokens version="1.0">
	<File path="Categories/NSObject+Reachability.html">
		
		<Token>
			<TokenIdentifier>//apple_ref/occ/cat/NSObject(Reachability)</TokenIdentifier>
			<Abstract type="html">Convenience category to allow easy access to a reachability event handler</Abstract>
			<DeclaredIn>DHReachabilityEventHandler.h</DeclaredIn>
            
			
			<NodeRef refid="12"/>
		</Token>
		
		
		<Token>
			<TokenIdentifier>//apple_ref/occ/instm/NSObject/setDh_reachability:</TokenIdentifier>
			<Abstract type="html">Returns the reachability handler</Abstract>
			<DeclaredIn>DHReachabilityEventHandler.h</DeclaredIn>
			
			<Declaration>@property (nonatomic, strong, readonly) DHReachabilityEventHandler *dh_reachability</Declaration>
			
			
			<Anchor>//api/name/dh_reachability</Anchor>
            <NodeRef refid="12"/>
		</Token>
		
		<Token>
			<TokenIdentifier>//apple_ref/occ/instm/NSObject/dh_reachability</TokenIdentifier>
			<Abstract type="html">Returns the reachability handler</Abstract>
			<DeclaredIn>DHReachabilityEventHandler.h</DeclaredIn>
			
			<Declaration>@property (nonatomic, strong, readonly) DHReachabilityEventHandler *dh_reachability</Declaration>
			
			
			<Anchor>//api/name/dh_reachability</Anchor>
            <NodeRef refid="12"/>
		</Token>
		
		<Token>
			<TokenIdentifier>//apple_ref/occ/instp/NSObject/dh_reachability</TokenIdentifier>
			<Abstract type="html">Returns the reachability handler</Abstract>
			<DeclaredIn>DHReachabilityEventHandler.h</DeclaredIn>
			
			<Declaration>@property (nonatomic, strong, readonly) DHReachabilityEventHandler *dh_reachability</Declaration>
			
			
			<Anchor>//api/name/dh_reachability</Anchor>
            <NodeRef refid="12"/>
		</Token>
		
        
        
	</File>
</Tokens>