<?xml version="1.0" encoding="UTF-8"?>
<Tokens version="1.0">
	<File path="Classes/DHReachability.html">
		
		<Token>
			<TokenIdentifier>//apple_ref/occ/cl/DHReachability</TokenIdentifier>
			<Abstract type="html">Object for determining current reachability</Abstract>
			<DeclaredIn>DHReachability.h</DeclaredIn>
            
			
			<NodeRef refid="3"/>
		</Token>
		
		
		<Token>
			<TokenIdentifier>//apple_ref/occ/instm/DHReachability/setKey:</TokenIdentifier>
			<Abstract type="html">Key to describe this object</Abstract>
			<DeclaredIn>DHReachability.h</DeclaredIn>
			
			<Declaration>@property (copy) NSString *key</Declaration>
			
			
			<Anchor>//api/name/key</Anchor>
            <NodeRef refid="3"/>
		</Token>
		
		<Token>
			<TokenIdentifier>//apple_ref/occ/instm/DHReachability/key</TokenIdentifier>
			<Abstract type="html">Key to describe this object</Abstract>
			<DeclaredIn>DHReachability.h</DeclaredIn>
			
			<Declaration>@property (copy) NSString *key</Declaration>
			
			
			<Anchor>//api/name/key</Anchor>
            <NodeRef refid="3"/>
		</Token>
		
		<Token>
			<TokenIdentifier>//apple_ref/occ/instp/DHReachability/key</TokenIdentifier>
			<Abstract type="html">Key to describe this object</Abstract>
			<DeclaredIn>DHReachability.h</DeclaredIn>
			
			<Declaration>@property (copy) NSString *key</Declaration>
			
			
			<Anchor>//api/name/key</Anchor>
            <NodeRef refid="3"/>
		</Token>
		
		<Token>
			<TokenIdentifier>//apple_ref/occ/instm/DHReachability/initWithReachabilityRef:</TokenIdentifier>
			<Abstract type="html">Designated Initializer.</Abstract>
			<DeclaredIn>DHReachability.h</DeclaredIn>
			
			<Declaration>- (DHReachability *)initWithReachabilityRef:(SCNetworkReachabilityRef)ref</Declaration>
			<Parameters>
				<Parameter>
					<Name>ref</Name>
					<Abstract type="html">Underlying reachability reference</Abstract>
				</Parameter>
			</Parameters>
			<ReturnValue><Abstract type="html">Configured DHReachability object</Abstract></ReturnValue>
			<Anchor>//api/name/initWithReachabilityRef:</Anchor>
            <NodeRef refid="3"/>
		</Token>
		
		<Token>
			<TokenIdentifier>//apple_ref/occ/clm/DHReachability/reachabilityWithHostName:</TokenIdentifier>
			<Abstract type="html">Reachability object to check the reachability of a particular host name.</Abstract>
			<DeclaredIn>DHReachability.h</DeclaredIn>
			
			<Declaration>+ (DHReachability *)reachabilityWithHostName:(NSString *)hostName</Declaration>
			<Parameters>
				<Parameter>
					<Name>hostName</Name>
					<Abstract type="html">Host name to check</Abstract>
				</Parameter>
			</Parameters>
			<ReturnValue><Abstract type="html">Configured DHReachability object</Abstract></ReturnValue>
			<Anchor>//api/name/reachabilityWithHostName:</Anchor>
            <NodeRef refid="3"/>
		</Token>
		
		<Token>
			<TokenIdentifier>//apple_ref/occ/clm/DHReachability/reachabilityWithAddress:</TokenIdentifier>
			<Abstract type="html">Reachability object to check the reachability of a particular IP address.</Abstract>
			<DeclaredIn>DHReachability.h</DeclaredIn>
			
			<Declaration>+ (DHReachability *)reachabilityWithAddress:(const struct sockaddr_in *)hostAddress</Declaration>
			<Parameters>
				<Parameter>
					<Name>hostAddress</Name>
					<Abstract type="html">Host address to check</Abstract>
				</Parameter>
			</Parameters>
			<ReturnValue><Abstract type="html">Configured DHReachability object</Abstract></ReturnValue>
			<Anchor>//api/name/reachabilityWithAddress:</Anchor>
            <NodeRef refid="3"/>
		</Token>
		
		<Token>
			<TokenIdentifier>//apple_ref/occ/clm/DHReachability/reachabilityForInternetConnection</TokenIdentifier>
			<Abstract type="html">Reachability object to check whether the default route is available.
Should be used to, at minimum, establish network connectivity.</Abstract>
			<DeclaredIn>DHReachability.h</DeclaredIn>
			
			<Declaration>+ (DHReachability *)reachabilityForInternetConnection</Declaration>
			
			<ReturnValue><Abstract type="html">Configured DHReachability object</Abstract></ReturnValue>
			<Anchor>//api/name/reachabilityForInternetConnection</Anchor>
            <NodeRef refid="3"/>
		</Token>
		
		<Token>
			<TokenIdentifier>//apple_ref/occ/clm/DHReachability/reachabilityForLocalWiFi</TokenIdentifier>
			<Abstract type="html">Reachability object to check whether a local wifi connection is available.</Abstract>
			<DeclaredIn>DHReachability.h</DeclaredIn>
			
			<Declaration>+ (DHReachability *)reachabilityForLocalWiFi</Declaration>
			
			<ReturnValue><Abstract type="html">Configured DHReachability object</Abstract></ReturnValue>
			<Anchor>//api/name/reachabilityForLocalWiFi</Anchor>
            <NodeRef refid="3"/>
		</Token>
		
		<Token>
			<TokenIdentifier>//apple_ref/occ/clm/DHReachability/offline</TokenIdentifier>
			<Abstract type="html">Check to see if we&apos;re offline</Abstract>
			<DeclaredIn>DHReachability.h</DeclaredIn>
			
			<Declaration>+ (BOOL)offline</Declaration>
			
			
			<Anchor>//api/name/offline</Anchor>
            <NodeRef refid="3"/>
		</Token>
		
		<Token>
			<TokenIdentifier>//apple_ref/occ/instm/DHReachability/startNotifier</TokenIdentifier>
			<Abstract type="html">Start listening for reachability notifications on the current run loop.</Abstract>
			<DeclaredIn>DHReachability.h</DeclaredIn>
			
			<Declaration>- (BOOL)startNotifier</Declaration>
			
			<ReturnValue><Abstract type="html">YES if listenting was successful</Abstract></ReturnValue>
			<Anchor>//api/name/startNotifier</Anchor>
            <NodeRef refid="3"/>
		</Token>
		
		<Token>
			<TokenIdentifier>//apple_ref/occ/instm/DHReachability/stopNotifier</TokenIdentifier>
			<Abstract type="html">Stop listening for reachability notifications</Abstract>
			<DeclaredIn>DHReachability.h</DeclaredIn>
			
			<Declaration>- (void)stopNotifier</Declaration>
			
			
			<Anchor>//api/name/stopNotifier</Anchor>
            <NodeRef refid="3"/>
		</Token>
		
		<Token>
			<TokenIdentifier>//apple_ref/occ/instm/DHReachability/isEqual:</TokenIdentifier>
			<Abstract type="html">Comparison routines to enable choosing actions in a notification.</Abstract>
			<DeclaredIn>DHReachability.h</DeclaredIn>
			
			<Declaration>- (BOOL)isEqual:(DHReachability *)r</Declaration>
			<Parameters>
				<Parameter>
					<Name>r</Name>
					<Abstract type="html">Other object to test</Abstract>
				</Parameter>
			</Parameters>
			<ReturnValue><Abstract type="html">YES if equal</Abstract></ReturnValue>
			<Anchor>//api/name/isEqual:</Anchor>
            <NodeRef refid="3"/>
		</Token>
		
		<Token>
			<TokenIdentifier>//apple_ref/occ/instm/DHReachability/currentReachabilityStatus</TokenIdentifier>
			<Abstract type="html">Current reachability status</Abstract>
			<DeclaredIn>DHReachability.h</DeclaredIn>
			
			<Declaration>- (DHReachabilityStatus)currentReachabilityStatus</Declaration>
			
			<ReturnValue><Abstract type="html">The current established status</Abstract></ReturnValue>
			<Anchor>//api/name/currentReachabilityStatus</Anchor>
            <NodeRef refid="3"/>
		</Token>
		
		<Token>
			<TokenIdentifier>//apple_ref/occ/instm/DHReachability/isReachable</TokenIdentifier>
			<Abstract type="html">The main direct test of reachability.</Abstract>
			<DeclaredIn>DHReachability.h</DeclaredIn>
			
			<Declaration>- (BOOL)isReachable</Declaration>
			
			<ReturnValue><Abstract type="html">YES if reachable</Abstract></ReturnValue>
			<Anchor>//api/name/isReachable</Anchor>
            <NodeRef refid="3"/>
		</Token>
		
		<Token>
			<TokenIdentifier>//apple_ref/occ/instm/DHReachability/isConnectionRequired</TokenIdentifier>
			<Abstract type="html">WWAN may be available, but not active until a connection has been established.
WiFi may require a connection for VPN on Demand.
Identical DDG variant.</Abstract>
			<DeclaredIn>DHReachability.h</DeclaredIn>
			
			<Declaration>- (BOOL)isConnectionRequired</Declaration>
			
			<ReturnValue><Abstract type="html">YES if a connection is required</Abstract></ReturnValue>
			<Anchor>//api/name/isConnectionRequired</Anchor>
            <NodeRef refid="3"/>
		</Token>
		
		<Token>
			<TokenIdentifier>//apple_ref/occ/instm/DHReachability/connectionRequired</TokenIdentifier>
			<Abstract type="html">WWAN may be available, but not active until a connection has been established.
WiFi may require a connection for VPN on Demand.
Apple&apos;s routine</Abstract>
			<DeclaredIn>DHReachability.h</DeclaredIn>
			
			<Declaration>- (BOOL)connectionRequired</Declaration>
			
			<ReturnValue><Abstract type="html">YES if a connection is required</Abstract></ReturnValue>
			<Anchor>//api/name/connectionRequired</Anchor>
            <NodeRef refid="3"/>
		</Token>
		
		<Token>
			<TokenIdentifier>//apple_ref/occ/instm/DHReachability/isConnectionOnDemand</TokenIdentifier>
			<Abstract type="html">Dynamic, on demand connection?</Abstract>
			<DeclaredIn>DHReachability.h</DeclaredIn>
			
			<Declaration>- (BOOL)isConnectionOnDemand</Declaration>
			
			<ReturnValue><Abstract type="html">YES if we can use an on demand connection</Abstract></ReturnValue>
			<Anchor>//api/name/isConnectionOnDemand</Anchor>
            <NodeRef refid="3"/>
		</Token>
		
		<Token>
			<TokenIdentifier>//apple_ref/occ/instm/DHReachability/isInterventionRequired</TokenIdentifier>
			<Abstract type="html">Is user intervention required?</Abstract>
			<DeclaredIn>DHReachability.h</DeclaredIn>
			
			<Declaration>- (BOOL)isInterventionRequired</Declaration>
			
			<ReturnValue><Abstract type="html">YES if user intervention is required</Abstract></ReturnValue>
			<Anchor>//api/name/isInterventionRequired</Anchor>
            <NodeRef refid="3"/>
		</Token>
		
		<Token>
			<TokenIdentifier>//apple_ref/occ/instm/DHReachability/isReachableViaWWAN</TokenIdentifier>
			<Abstract type="html">Is it reachable via WWAN</Abstract>
			<DeclaredIn>DHReachability.h</DeclaredIn>
			
			<Declaration>- (BOOL)isReachableViaWWAN</Declaration>
			
			<ReturnValue><Abstract type="html">YES if reachable via WWAN</Abstract></ReturnValue>
			<Anchor>//api/name/isReachableViaWWAN</Anchor>
            <NodeRef refid="3"/>
		</Token>
		
		<Token>
			<TokenIdentifier>//apple_ref/occ/instm/DHReachability/isReachableViaWiFi</TokenIdentifier>
			<Abstract type="html">Is it reachable via WIFI</Abstract>
			<DeclaredIn>DHReachability.h</DeclaredIn>
			
			<Declaration>- (BOOL)isReachableViaWiFi</Declaration>
			
			<ReturnValue><Abstract type="html">YES if reachable via WIFI</Abstract></ReturnValue>
			<Anchor>//api/name/isReachableViaWiFi</Anchor>
            <NodeRef refid="3"/>
		</Token>
		
		<Token>
			<TokenIdentifier>//apple_ref/occ/instm/DHReachability/reachabilityFlags</TokenIdentifier>
			<Abstract type="html">Underlying reachability flags</Abstract>
			<DeclaredIn>DHReachability.h</DeclaredIn>
			
			<Declaration>- (SCNetworkReachabilityFlags)reachabilityFlags</Declaration>
			
			<ReturnValue><Abstract type="html">SCNetworkReachabilityFlags value for current status</Abstract></ReturnValue>
			<Anchor>//api/name/reachabilityFlags</Anchor>
            <NodeRef refid="3"/>
		</Token>
		
        
        
	</File>
</Tokens>