<?xml version="1.0" encoding="UTF-8"?>
<Tokens version="1.0">
	<File path="Categories/UIViewController+DHPrepareSegue.html">
		
		<Token>
			<TokenIdentifier>//apple_ref/occ/cat/UIViewController(DHPrepareSegue)</TokenIdentifier>
			<Abstract type="html">Wrapper around objc_msgSend to allow us to do a similar
thing to performSelector: whilst avoid ARC warnings</Abstract>
			<DeclaredIn>UIViewController+DHPrepareSegue.h</DeclaredIn>
            
			
			<NodeRef refid="14"/>
		</Token>
		
		
		<Token>
			<TokenIdentifier>//apple_ref/occ/instm/UIViewController/dh_prepareSegueWithIdentifier:destinationViewController:sourceViewController:sender:</TokenIdentifier>
			<Abstract type="html">Takes a segue identifier and runs perform selector against it. If the identifier has no colons, no
arguments are passed, if one, the destination view controller is passed, if two, then the destination
and source view controller are passed. It is also possible to pass the sender if part of the selector
name is called sender:</Abstract>
			<DeclaredIn>UIViewController+DHPrepareSegue.h</DeclaredIn>
			
			<Declaration>- (void)dh_prepareSegueWithIdentifier:(NSString *)segueIdentifier destinationViewController:(UIViewController *)destination sourceViewController:(UIViewController *)source sender:(id)sender</Declaration>
			<Parameters>
				<Parameter>
					<Name>segueIdentifier</Name>
					<Abstract type="html">The identifier of the segue</Abstract>
				</Parameter><Parameter>
					<Name>destination</Name>
					<Abstract type="html">Destination view controller for the segue</Abstract>
				</Parameter><Parameter>
					<Name>source</Name>
					<Abstract type="html">Source view controller for the segue</Abstract>
				</Parameter><Parameter>
					<Name>sender</Name>
					<Abstract type="html">Sender object. Requires one part of the selector name to be called sender:</Abstract>
				</Parameter>
			</Parameters>
			
			<Anchor>//api/name/dh_prepareSegueWithIdentifier:destinationViewController:sourceViewController:sender:</Anchor>
            <NodeRef refid="14"/>
		</Token>
		
        
        
	</File>
</Tokens>