<?xml version="1.0" encoding="UTF-8"?>
<Tokens version="1.0">
	<File path="Categories/NSObject+Cast.html">
		
		<Token>
			<TokenIdentifier>//apple_ref/occ/cat/NSObject(Cast)</TokenIdentifier>
			<Abstract type="html">From https://gist.github.com/3391903</Abstract>
			<DeclaredIn>NSObject+Cast.h</DeclaredIn>
            
			
			<NodeRef refid="9"/>
		</Token>
		
		
		<Token>
			<TokenIdentifier>//apple_ref/occ/instm/NSObject/cast:</TokenIdentifier>
			<Abstract type="html">Safely cast an object
Tests if the from parameter is of
the correct type and returns nil
if not.
@usage [DHTestClass cast:myObject]</Abstract>
			<DeclaredIn>NSObject+Cast.h</DeclaredIn>
			
			<Declaration>+ (instancetype)cast:(id)from</Declaration>
			<Parameters>
				<Parameter>
					<Name>from</Name>
					<Abstract type="html">The object to cast</Abstract>
				</Parameter>
			</Parameters>
			
			<Anchor>//api/name/cast:</Anchor>
            <NodeRef refid="9"/>
		</Token>
		
        
        
	</File>
</Tokens>