<?xml version="1.0" encoding="UTF-8"?>
<Tokens version="1.0">
	<File path="Categories/NSObject+JSONSerialise.html">
		
		<Token>
			<TokenIdentifier>//apple_ref/occ/cat/NSObject(JSONSerialise)</TokenIdentifier>
			<Abstract type="html">Convenience category to wrap NSJSONSerialization to serialise an
object to json</Abstract>
			<DeclaredIn>NSObject+JSONSerialise.h</DeclaredIn>
            
			
			<NodeRef refid="10"/>
		</Token>
		
		
		<Token>
			<TokenIdentifier>//apple_ref/occ/instm/NSObject/JSONString</TokenIdentifier>
			<Abstract type="html">Serialise the object to a JSON string</Abstract>
			<DeclaredIn>NSObject+JSONSerialise.h</DeclaredIn>
			
			<Declaration>- (NSString *)JSONString</Declaration>
			
			
			<Anchor>//api/name/JSONString</Anchor>
            <NodeRef refid="10"/>
		</Token>
		
		<Token>
			<TokenIdentifier>//apple_ref/occ/instm/NSObject/JSONData</TokenIdentifier>
			<Abstract type="html">Serialise the object to the data representaiton
of a JSON string</Abstract>
			<DeclaredIn>NSObject+JSONSerialise.h</DeclaredIn>
			
			<Declaration>- (NSData *)JSONData</Declaration>
			
			
			<Anchor>//api/name/JSONData</Anchor>
            <NodeRef refid="10"/>
		</Token>
		
        
        
	</File>
</Tokens>