<?xml version="1.0" encoding="UTF-8"?>
<Tokens version="1.0">
	<File path="Categories/NSObject+Notifications.html">
		
		<Token>
			<TokenIdentifier>//apple_ref/occ/cat/NSObject(Notifications)</TokenIdentifier>
			<Abstract type="html">Convenience category to make it easy to use NSNotificationCenter&apos;s
block methods</Abstract>
			<DeclaredIn>NSObject+Notifications.h</DeclaredIn>
            
			
			<NodeRef refid="11"/>
		</Token>
		
		
		<Token>
			<TokenIdentifier>//apple_ref/occ/instm/NSObject/setDh_notificationStore:</TokenIdentifier>
			<Abstract type="html">Returns the block notification store associated with this object.</Abstract>
			<DeclaredIn>NSObject+Notifications.h</DeclaredIn>
			
			<Declaration>@property (atomic, strong, readonly) DHNotificationStore *dh_notificationStore</Declaration>
			
			
			<Anchor>//api/name/dh_notificationStore</Anchor>
            <NodeRef refid="11"/>
		</Token>
		
		<Token>
			<TokenIdentifier>//apple_ref/occ/instm/NSObject/dh_notificationStore</TokenIdentifier>
			<Abstract type="html">Returns the block notification store associated with this object.</Abstract>
			<DeclaredIn>NSObject+Notifications.h</DeclaredIn>
			
			<Declaration>@property (atomic, strong, readonly) DHNotificationStore *dh_notificationStore</Declaration>
			
			
			<Anchor>//api/name/dh_notificationStore</Anchor>
            <NodeRef refid="11"/>
		</Token>
		
		<Token>
			<TokenIdentifier>//apple_ref/occ/instp/NSObject/dh_notificationStore</TokenIdentifier>
			<Abstract type="html">Returns the block notification store associated with this object.</Abstract>
			<DeclaredIn>NSObject+Notifications.h</DeclaredIn>
			
			<Declaration>@property (atomic, strong, readonly) DHNotificationStore *dh_notificationStore</Declaration>
			
			
			<Anchor>//api/name/dh_notificationStore</Anchor>
            <NodeRef refid="11"/>
		</Token>
		
        
        
	</File>
</Tokens>