<?xml version="1.0" encoding="UTF-8"?>
<Tokens version="1.0">
	<File path="Classes/DHNotificationStore.html">
		
		<Token>
			<TokenIdentifier>//apple_ref/occ/cl/DHNotificationStore</TokenIdentifier>
			<Abstract type="html">An object for making NSNotificationCenter&apos;s block APIs a little easier
to deal with by automatically handling the observer objects returned.</Abstract>
			<DeclaredIn>DHNotificationStore.h</DeclaredIn>
            
			
			<NodeRef refid="2"/>
		</Token>
		
		
		<Token>
			<TokenIdentifier>//apple_ref/occ/instm/DHNotificationStore/addObserverForName:usingBlock:</TokenIdentifier>
			<Abstract type="html">Add a notification with specified name, on the posting queue with
a nil object with the specified callback block.</Abstract>
			<DeclaredIn>DHNotificationStore.h</DeclaredIn>
			
			<Declaration>- (id)addObserverForName:(NSString *)name usingBlock:(DHNotificationStoreBlock)block</Declaration>
			<Parameters>
				<Parameter>
					<Name>name</Name>
					<Abstract type="html">The name of the notification</Abstract>
				</Parameter><Parameter>
					<Name>block</Name>
					<Abstract type="html">the callback block to use</Abstract>
				</Parameter>
			</Parameters>
			<ReturnValue><Abstract type="html">the notification</Abstract></ReturnValue>
			<Anchor>//api/name/addObserverForName:usingBlock:</Anchor>
            <NodeRef refid="2"/>
		</Token>
		
		<Token>
			<TokenIdentifier>//apple_ref/occ/instm/DHNotificationStore/addObserverForName:object:usingBlock:</TokenIdentifier>
			<Abstract type="html">Add a notification with specified name, on the posting queue with
a nil object with the specified callback block.</Abstract>
			<DeclaredIn>DHNotificationStore.h</DeclaredIn>
			
			<Declaration>- (id)addObserverForName:(NSString *)name object:(id)obj usingBlock:(DHNotificationStoreBlock)block</Declaration>
			<Parameters>
				<Parameter>
					<Name>name</Name>
					<Abstract type="html">The name of the notification</Abstract>
				</Parameter><Parameter>
					<Name>obj</Name>
					<Abstract type="html">The object to use</Abstract>
				</Parameter><Parameter>
					<Name>block</Name>
					<Abstract type="html">the callback block to use</Abstract>
				</Parameter>
			</Parameters>
			<ReturnValue><Abstract type="html">the notification</Abstract></ReturnValue>
			<Anchor>//api/name/addObserverForName:object:usingBlock:</Anchor>
            <NodeRef refid="2"/>
		</Token>
		
		<Token>
			<TokenIdentifier>//apple_ref/occ/instm/DHNotificationStore/addObserversForNames:usingBlock:</TokenIdentifier>
			<Abstract type="html">Add an observer for events with the specified names, on the posting queue with
a nil object with the specified callback block.</Abstract>
			<DeclaredIn>DHNotificationStore.h</DeclaredIn>
			
			<Declaration>- (NSArray *)addObserversForNames:(NSArray *)names usingBlock:(DHNotificationStoreBlock)block</Declaration>
			<Parameters>
				<Parameter>
					<Name>names</Name>
					<Abstract type="html">Array of the names of the notifications to observe</Abstract>
				</Parameter><Parameter>
					<Name>block</Name>
					<Abstract type="html">the callback block to use</Abstract>
				</Parameter>
			</Parameters>
			<ReturnValue><Abstract type="html">the notifications</Abstract></ReturnValue>
			<Anchor>//api/name/addObserversForNames:usingBlock:</Anchor>
            <NodeRef refid="2"/>
		</Token>
		
		<Token>
			<TokenIdentifier>//apple_ref/occ/instm/DHNotificationStore/addObserverForName:queue:usingBlock:</TokenIdentifier>
			<Abstract type="html">Add a notification with specified name, specified queue
with a nil object and the specified callback block.</Abstract>
			<DeclaredIn>DHNotificationStore.h</DeclaredIn>
			
			<Declaration>- (id)addObserverForName:(NSString *)name queue:(NSOperationQueue *)queue usingBlock:(DHNotificationStoreBlock)block</Declaration>
			<Parameters>
				<Parameter>
					<Name>name</Name>
					<Abstract type="html">The name of the notification</Abstract>
				</Parameter><Parameter>
					<Name>queue</Name>
					<Abstract type="html">the queue to add the notification listener to</Abstract>
				</Parameter><Parameter>
					<Name>block</Name>
					<Abstract type="html">the callback block to use</Abstract>
				</Parameter>
			</Parameters>
			<ReturnValue><Abstract type="html">the notification</Abstract></ReturnValue>
			<Anchor>//api/name/addObserverForName:queue:usingBlock:</Anchor>
            <NodeRef refid="2"/>
		</Token>
		
		<Token>
			<TokenIdentifier>//apple_ref/occ/instm/DHNotificationStore/addObserversForNames:queue:usingBlock:</TokenIdentifier>
			<Abstract type="html">Add an observer for events with the specified names, on the specified queue with
a nil object with the specified callback block.</Abstract>
			<DeclaredIn>DHNotificationStore.h</DeclaredIn>
			
			<Declaration>- (NSArray *)addObserversForNames:(NSArray *)names queue:(NSOperationQueue *)queue usingBlock:(DHNotificationStoreBlock)block</Declaration>
			<Parameters>
				<Parameter>
					<Name>names</Name>
					<Abstract type="html">Array of the names of the notifications to observe</Abstract>
				</Parameter><Parameter>
					<Name>queue</Name>
					<Abstract type="html">the queue to add the notification listener to</Abstract>
				</Parameter><Parameter>
					<Name>block</Name>
					<Abstract type="html">the callback block to use</Abstract>
				</Parameter>
			</Parameters>
			<ReturnValue><Abstract type="html">the notifications</Abstract></ReturnValue>
			<Anchor>//api/name/addObserversForNames:queue:usingBlock:</Anchor>
            <NodeRef refid="2"/>
		</Token>
		
		<Token>
			<TokenIdentifier>//apple_ref/occ/instm/DHNotificationStore/addObserverForName:object:queue:usingBlock:</TokenIdentifier>
			<Abstract type="html">Add a notification</Abstract>
			<DeclaredIn>DHNotificationStore.h</DeclaredIn>
			
			<Declaration>- (id)addObserverForName:(NSString *)name object:(id)obj queue:(NSOperationQueue *)queue usingBlock:(DHNotificationStoreBlock)block</Declaration>
			<Parameters>
				<Parameter>
					<Name>name</Name>
					<Abstract type="html">The name of the notification</Abstract>
				</Parameter><Parameter>
					<Name>obj</Name>
					<Abstract type="html">The object to use</Abstract>
				</Parameter><Parameter>
					<Name>queue</Name>
					<Abstract type="html">the queue to add the notification listener to</Abstract>
				</Parameter><Parameter>
					<Name>block</Name>
					<Abstract type="html">the callback block to use</Abstract>
				</Parameter>
			</Parameters>
			<ReturnValue><Abstract type="html">the notification</Abstract></ReturnValue>
			<Anchor>//api/name/addObserverForName:object:queue:usingBlock:</Anchor>
            <NodeRef refid="2"/>
		</Token>
		
		<Token>
			<TokenIdentifier>//apple_ref/occ/instm/DHNotificationStore/addObserversForNames:object:queue:usingBlock:</TokenIdentifier>
			<Abstract type="html">Add an observer for events with the specified names, on the specified queue with
a nil object with the specified callback block.</Abstract>
			<DeclaredIn>DHNotificationStore.h</DeclaredIn>
			
			<Declaration>- (NSArray *)addObserversForNames:(NSArray *)names object:(id)obj queue:(NSOperationQueue *)queue usingBlock:(DHNotificationStoreBlock)block</Declaration>
			<Parameters>
				<Parameter>
					<Name>names</Name>
					<Abstract type="html">Array of the names of the notifications to observe</Abstract>
				</Parameter><Parameter>
					<Name>obj</Name>
					<Abstract type="html">The object to use</Abstract>
				</Parameter><Parameter>
					<Name>queue</Name>
					<Abstract type="html">the queue to add the notification listener to</Abstract>
				</Parameter><Parameter>
					<Name>block</Name>
					<Abstract type="html">the callback block to use</Abstract>
				</Parameter>
			</Parameters>
			<ReturnValue><Abstract type="html">the notifications</Abstract></ReturnValue>
			<Anchor>//api/name/addObserversForNames:object:queue:usingBlock:</Anchor>
            <NodeRef refid="2"/>
		</Token>
		
		<Token>
			<TokenIdentifier>//apple_ref/occ/instm/DHNotificationStore/objectForKeyedSubscript:</TokenIdentifier>
			<Abstract type="html">Allow access to the underlying notification observer dictionary.</Abstract>
			<DeclaredIn>DHNotificationStore.h</DeclaredIn>
			
			<Declaration>- (id)objectForKeyedSubscript:(id)aKey</Declaration>
			<Parameters>
				<Parameter>
					<Name>aKey</Name>
					<Abstract type="html">The notification name being requested</Abstract>
				</Parameter>
			</Parameters>
			<ReturnValue><Abstract type="html">array of notification observer objects for given key name.</Abstract></ReturnValue>
			<Anchor>//api/name/objectForKeyedSubscript:</Anchor>
            <NodeRef refid="2"/>
		</Token>
		
		<Token>
			<TokenIdentifier>//apple_ref/occ/instm/DHNotificationStore/removeObserver:</TokenIdentifier>
			<Abstract type="html">Remove an observer from NotificationCenter &amp;amp; the object store.</Abstract>
			<DeclaredIn>DHNotificationStore.h</DeclaredIn>
			
			<Declaration>- (void)removeObserver:(id)observer</Declaration>
			<Parameters>
				<Parameter>
					<Name>observer</Name>
					<Abstract type="html">the observer object to remove</Abstract>
				</Parameter>
			</Parameters>
			
			<Anchor>//api/name/removeObserver:</Anchor>
            <NodeRef refid="2"/>
		</Token>
		
		<Token>
			<TokenIdentifier>//apple_ref/occ/instm/DHNotificationStore/removeObserversForName:</TokenIdentifier>
			<Abstract type="html">Remove all observers from NotificationCenter &amp;amp; the object store
that are for the specified name</Abstract>
			<DeclaredIn>DHNotificationStore.h</DeclaredIn>
			
			<Declaration>- (void)removeObserversForName:(NSString *)name</Declaration>
			<Parameters>
				<Parameter>
					<Name>name</Name>
					<Abstract type="html">of the notification</Abstract>
				</Parameter>
			</Parameters>
			
			<Anchor>//api/name/removeObserversForName:</Anchor>
            <NodeRef refid="2"/>
		</Token>
		
		<Token>
			<TokenIdentifier>//apple_ref/occ/instm/DHNotificationStore/removeAllObservers</TokenIdentifier>
			<Abstract type="html">Removes all observers from NotificationCenter &amp;amp; the object store</Abstract>
			<DeclaredIn>DHNotificationStore.h</DeclaredIn>
			
			<Declaration>- (void)removeAllObservers</Declaration>
			
			
			<Anchor>//api/name/removeAllObservers</Anchor>
            <NodeRef refid="2"/>
		</Token>
		
        
        
	</File>
</Tokens>