<?xml version="1.0" encoding="UTF-8"?>
<Tokens version="1.0">
	<File path="Constants/DHReachabilityStatus.html">
		
		<Token>
			<TokenIdentifier>//apple_ref/c/tdef/DHReachabilityStatus</TokenIdentifier>
			<Abstract type="html">Representation of current reachability status</Abstract>
			<DeclaredIn>DHReachability.h</DeclaredIn>
            
			
			<NodeRef refid="15"/>
		</Token>
		
		
        
        <Token>
            <TokenIdentifier>//apple_ref/c/econst/DHReachabilityStatusNotReachable</TokenIdentifier>
            <Abstract type="html">Not reachable
     </Abstract>
            <Declaration>DHReachabilityStatusNotReachable</Declaration>
            
            <DeclaredIn>DHReachability.h</DeclaredIn>
            
            <NodeRef refid="15"/>
        </Token>
        
        <Token>
            <TokenIdentifier>//apple_ref/c/econst/DHReachabilityStatusWiFi</TokenIdentifier>
            <Abstract type="html">Reachable via WIFI
     </Abstract>
            <Declaration>DHReachabilityStatusWiFi</Declaration>
            
            <DeclaredIn>DHReachability.h</DeclaredIn>
            
            <NodeRef refid="15"/>
        </Token>
        
        <Token>
            <TokenIdentifier>//apple_ref/c/econst/DHReachabilityStatusWWAN</TokenIdentifier>
            <Abstract type="html">Reachable via WWAN
     </Abstract>
            <Declaration>DHReachabilityStatusWWAN</Declaration>
            
            <DeclaredIn>DHReachability.h</DeclaredIn>
            
            <NodeRef refid="15"/>
        </Token>
        
        
	</File>
</Tokens>