<?xml version="1.0" encoding="UTF-8"?>
<Tokens version="1.0">
	<File path="Categories/NSCache+Subscripting.html">
		
		<Token>
			<TokenIdentifier>//apple_ref/occ/cat/NSCache(Subscripting)</TokenIdentifier>
			<Abstract type="html">Adds subscripting support to NSCache</Abstract>
			<DeclaredIn>NSCache+Subscripting.h</DeclaredIn>
            
			
			<NodeRef refid="5"/>
		</Token>
		
		
		<Token>
			<TokenIdentifier>//apple_ref/occ/instm/NSCache/objectForKeyedSubscript:</TokenIdentifier>
			<Abstract type="html">Return a value for the subscript key</Abstract>
			<DeclaredIn>NSCache+Subscripting.h</DeclaredIn>
			
			<Declaration>- (id)objectForKeyedSubscript:(id)key</Declaration>
			<Parameters>
				<Parameter>
					<Name>key</Name>
					<Abstract type="html">The key to look for</Abstract>
				</Parameter>
			</Parameters>
			
			<Anchor>//api/name/objectForKeyedSubscript:</Anchor>
            <NodeRef refid="5"/>
		</Token>
		
		<Token>
			<TokenIdentifier>//apple_ref/occ/instm/NSCache/setObject:forKeyedSubscript:</TokenIdentifier>
			<Abstract type="html">Set a value for the subscript key</Abstract>
			<DeclaredIn>NSCache+Subscripting.h</DeclaredIn>
			
			<Declaration>- (void)setObject:(id)obj forKeyedSubscript:(id)key</Declaration>
			<Parameters>
				<Parameter>
					<Name>obj</Name>
					<Abstract type="html">The object to store</Abstract>
				</Parameter><Parameter>
					<Name>key</Name>
					<Abstract type="html">The key to store against</Abstract>
				</Parameter>
			</Parameters>
			
			<Anchor>//api/name/setObject:forKeyedSubscript:</Anchor>
            <NodeRef refid="5"/>
		</Token>
		
        
        
	</File>
</Tokens>